stream,method,n,final_average_accuracy_mean,final_average_accuracy_sd,final_average_accuracy_ci95_low,final_average_accuracy_ci95_high,average_incremental_accuracy_mean,average_incremental_accuracy_sd,average_incremental_accuracy_ci95_low,average_incremental_accuracy_ci95_high,mean_new_task_accuracy_mean,mean_new_task_accuracy_sd,mean_new_task_accuracy_ci95_low,mean_new_task_accuracy_ci95_high,backward_transfer_mean,backward_transfer_sd,backward_transfer_ci95_low,backward_transfer_ci95_high,mean_forgetting_mean,mean_forgetting_sd,mean_forgetting_ci95_low,mean_forgetting_ci95_high,worst_forgetting_mean,worst_forgetting_sd,worst_forgetting_ci95_low,worst_forgetting_ci95_high,max_anchor_drift_mean,max_anchor_drift_sd,max_anchor_drift_ci95_low,max_anchor_drift_ci95_high,elapsed_s_mean,elapsed_s_sd,elapsed_s_ci95_low,elapsed_s_ci95_high,parameter_bytes_mean,parameter_bytes_sd,parameter_bytes_ci95_low,parameter_bytes_ci95_high
corrupted_digits,functional_l2,20,0.9261111111111113,0.007866384726393352,0.9224295297327176,0.929792692489505,0.9257098765432099,0.007089549629960381,0.9223918651813594,0.9290278879050604,0.936351851851852,0.007166929844914116,0.9329976254346313,0.9397060782690727,-0.012800925925925927,0.006845914067495778,-0.016004912334626743,-0.009596939517225112,0.02006944444444445,0.006898442501929129,0.016840873971682144,0.023298014917206754,0.07064814814814815,0.023100535829571417,0.0598367645838892,0.08145953171240711,0.06949522178357743,0.009157157688884476,0.06520954006332057,0.0737809035038343,1.795352219849974,0.12218411492044794,1.7381682938315375,1.8525361458684106,3481600.0,0.0,3481600.0,3481600.0
corrupted_digits,joint_refit,20,0.9269814814814813,0.007866178220758573,0.9232999967506996,0.930662966212263,0.9243641975308643,0.006616090370762358,0.9212677719231714,0.9274606231385571,0.9385185185185184,0.00605607564934542,0.9356841878682559,0.9413528491687809,-0.014421296296296298,0.00808079971636625,-0.018203226978949705,-0.010639365613642893,0.02314814814814815,0.008048242294351604,0.019381454808033494,0.026914841488262807,0.0828703703703704,0.024610715450699656,0.07135220098714165,0.09438853975359915,0.12848450088542998,0.0288740206223444,0.11497104326290694,0.14199795850795302,1.855110228149988,0.06381638582655327,1.8252432402175092,1.884977216082467,3481600.0,0.0,3481600.0,3481600.0
corrupted_digits,mlp_ft,10,0.8987037037037038,0.012184440919394432,0.8899874797466234,0.9074199276607842,0.8864691358024691,0.006661380823760348,0.8817038710268916,0.8912344005780466,0.9249259259259259,0.005090403569934429,0.9212844705779956,0.9285673812738563,-0.03277777777777778,0.013569369942637223,-0.04248472027591408,-0.02307083527964148,0.04458333333333334,0.012865317864298136,0.03538003935159991,0.053786627315066775,0.14611111111111114,0.03074607024057762,0.1241166974330548,0.16810552478916746,0.9968508942295717,0.002219067443253063,0.995263469009226,0.9984383194499175,0.4313997352000115,0.013379950482240005,0.4218282952209956,0.44097117517902745,153680.0,0.0,153680.0,153680.0
corrupted_digits,mlp_joint,10,0.9436666666666668,0.007008714935564923,0.9386529340355306,0.9486803992978029,0.9359382716049384,0.005914612543100055,0.931707212676091,0.9401693305337857,0.931037037037037,0.0056704175434088,0.9269806646876223,0.9350934093864517,0.01578703703703704,0.004642215402905669,0.01246619618956508,0.019107877884509003,0.001898148148148146,0.001844765247193653,0.000578482588673486,0.0032178137076228058,0.0057407407407407355,0.005885277252618771,0.0015306670145278384,0.009950814466953633,0.4343705077372908,0.14779129290266368,0.32864698571703704,0.5400940297575445,1.0305108259998632,0.06525310643378113,0.983831565676419,1.0771900863233073,153680.0,0.0,153680.0,153680.0
corrupted_digits,mlp_replay,10,0.9356666666666668,0.005740541613432147,0.9315601305794861,0.9397732027538475,0.9323703703703703,0.0044845772239732705,0.9291622970828423,0.9355784436578983,0.9301111111111112,0.00438593170155644,0.9269736045792871,0.9332486176429353,0.006944444444444436,0.0058357007411077196,0.002769835618114903,0.01111905327077397,0.005972222222222226,0.0038945799040682677,0.003186207591992422,0.00875823685245203,0.013148148148148154,0.007222486013964809,0.00798149289978189,0.018314803396514416,0.8765161589801869,0.07508908545123172,0.8228006631396269,0.9302316548207469,0.6703759499000626,0.02728444224651652,0.6508578357134592,0.6898940640866659,153680.0,0.0,153680.0,153680.0
corrupted_digits,param_null,20,0.9217777777777776,0.007587099234624765,0.9182269060330357,0.9253286495225195,0.9234506172839507,0.006600819736989777,0.9203613385528585,0.9265398960150429,0.9350185185185186,0.0068160383256279525,0.9318285143874144,0.9382085226496227,-0.01655092592592593,0.007097683866811294,-0.01987274422780786,-0.013229107624044003,0.023263888888888896,0.007319894539907908,0.019838072790737488,0.026689704987040305,0.0811111111111111,0.023613069903077738,0.0700598542166701,0.09216236800555211,1.0364754610137083e-10,5.12596440441682e-11,7.965729422074309e-11,1.2763779798199858e-10,1.619056927449924,0.09065411711656596,1.5766294946380925,1.6614843602617555,3481600.0,0.0,3481600.0,3481600.0
corrupted_digits,replay,20,0.9325000000000001,0.008259801204258324,0.9286342940422426,0.9363657059577576,0.9299814814814814,0.007381943996609374,0.9265266253436831,0.9334363376192797,0.937962962962963,0.007244305718663618,0.9345725235221182,0.9413534024038078,-0.006828703703703702,0.006661512180509827,-0.009946387372724075,-0.0037110200346833306,0.015300925925925926,0.006139096165782622,0.012427740477942368,0.018174111373909486,0.05462962962962964,0.02221816077245383,0.04423121030396732,0.06502804895529196,0.23582829077556067,0.028739602200495172,0.2223777429109513,0.24927883864017003,1.779173413700073,0.12806851926341128,1.7192355016759295,1.8391113257242164,3481600.0,0.0,3481600.0,3481600.0
corrupted_digits,unwrapped,20,0.7027407407407408,0.039531842699904826,0.6842392688448592,0.7212422126366224,0.7824938271604938,0.027835074832204352,0.7694666111352456,0.7955210431857419,0.926425925925926,0.005710351559891008,0.9237533991301745,0.9290984527216775,-0.27960648148148143,0.04878507232640948,-0.3024385981484788,-0.25677436481448407,0.2815972222222222,0.04892255540662466,0.25870076149304516,0.3044936829513993,0.48157407407407404,0.09061927463186932,0.43916294804703604,0.523985200101112,6.451051274964257,1.3299743899510976,5.8286041002976,7.073498449630915,1.312622254100006,0.07495192742738684,1.2775436722750488,1.3477008359249634,3481600.0,0.0,3481600.0,3481600.0
corrupted_digits,vanish,20,0.9199444444444446,0.007315487175159274,0.9165206910564898,0.9233681978323993,0.9218148148148148,0.0064731497549200346,0.9187852874745986,0.9248443421550309,0.9348703703703704,0.006099167251904407,0.9320158722293145,0.9377248685114262,-0.018657407407407407,0.007936882127074121,-0.02237198258493487,-0.014942832229879943,0.025439814814814814,0.007545429218653607,0.021908445237863127,0.0289711843917665,0.09046296296296295,0.02687805403043395,0.07788364646018688,0.10304227946573903,9.307119297474742e-10,1.1625984335017389e-10,8.763006481714697e-10,9.851232113234787e-10,1.5428102887500017,0.09830007059781738,1.496804439558128,1.5888161379418755,4547200.0,0.0,4547200.0,4547200.0
permuted_digits,functional_l2,20,0.9031851851851853,0.011167110345845223,0.8979588166652488,0.9084115537051218,0.9209197530864198,0.011195010293918993,0.9156803269888464,0.9261591791839933,0.926611111111111,0.009024529580091086,0.9223875012564657,0.9308347209657564,-0.029282407407407403,0.006056587875715781,-0.0321169777869906,-0.0264478370278242,0.02981481481481481,0.0058433420741826865,0.02708004654245766,0.032549583087171964,0.046203703703703705,0.008378693958724988,0.04228235422403687,0.050125053183370544,0.017374934513257327,0.0030982729702705,0.015924898128149297,0.018824970898365358,1.8037873762999652,0.10711073363397985,1.753658009877056,1.8539167427228744,3481600.0,0.0,3481600.0,3481600.0
permuted_digits,joint_refit,20,0.9393148148148149,0.009085126737251674,0.9350628446176303,0.9435667850119995,0.9418024691358025,0.009830252141340999,0.9372017695149146,0.9464031687566903,0.9432222222222224,0.008693515666376985,0.9391535316479207,0.9472909127965241,-0.00488425925925926,0.003383699384093064,-0.006467879318009023,-0.0033006392005094968,0.007685185185185191,0.0033801135865405996,0.006103243331348486,0.009267127039021895,0.014537037037037048,0.005383126612499499,0.012017656230804821,0.017056417843269275,0.0404309868352447,0.006561008706191511,0.037360340240100556,0.04350163343038885,1.8486729565500355,0.07010679557376531,1.815861966233577,1.881483946866494,3481600.0,0.0,3481600.0,3481600.0
permuted_digits,mlp_ft,10,0.5339629629629631,0.03820346383093557,0.5066338512795028,0.5612920746464234,0.6442345679012345,0.028040069383524564,0.6241759106238336,0.6642932251786353,0.9105925925925925,0.010500651375851756,0.9030808791136866,0.9181043060714984,-0.47078703703703706,0.04890755680033527,-0.5057733955483095,-0.43580067852576465,0.47078703703703706,0.04890755680033527,0.43580067852576465,0.5057733955483095,0.6274074074074074,0.05823968575464043,0.585745246001264,0.6690695688135508,0.9858236199092062,0.010357266475280687,0.9784144778091357,0.9932327620092767,0.4595101026000066,0.052908711989561985,0.4216614900922605,0.49735871510775265,153680.0,0.0,153680.0,153680.0
permuted_digits,mlp_joint,10,0.899148148148148,0.012093788343882582,0.8904967731370041,0.9077995231592919,0.9080123456790125,0.011227925801494143,0.8999803714171875,0.9160443199408375,0.9121111111111111,0.011904525440201688,0.9035951266251594,0.9206270955970628,-0.01620370370370371,0.005192161679401445,-0.01991795241797978,-0.012489454989427643,0.017037037037037045,0.005398147265809663,0.013175435110993441,0.020898638963080647,0.03296296296296297,0.008979306936280577,0.02653955373526437,0.03938637219066157,0.2790144766461009,0.09905140886103699,0.2081573672712342,0.3498715860209676,1.15965826799993,0.21287695381475139,1.0073752689665496,1.3119412670333106,153680.0,0.0,153680.0,153680.0
permuted_digits,mlp_replay,10,0.8605185185185185,0.012485870691536631,0.8515866646922711,0.8694503723447659,0.8851111111111111,0.009573046096726604,0.8782629664746422,0.89195925574758,0.9096296296296297,0.008123794506845467,0.9038182171264713,0.9154410421327881,-0.06138888888888888,0.016472925138311265,-0.07317290964811761,-0.049604868129660154,0.061712962962962956,0.016742298103932608,0.0497362443924952,0.07368968153343071,0.09074074074074075,0.028900493606715153,0.07006657305321602,0.11141490842826547,0.9322590376806564,0.03166045276168581,0.9096105141514265,0.9549075612098864,0.7415476177000528,0.06012686867083866,0.6985354469619772,0.7845597884381285,153680.0,0.0,153680.0,153680.0
permuted_digits,param_null,20,0.9022962962962964,0.01110044972587467,0.897101125906847,0.9074914666857458,0.9204753086419754,0.011244115857896938,0.915212900433025,0.9257377168509258,0.9261666666666667,0.009088304869146717,0.9219132090579697,0.9304201242753637,-0.029837962962962962,0.005862759946563824,-0.03258181907933651,-0.027094106846589413,0.030393518518518514,0.005662699355906096,0.027743293640729663,0.03304374339630737,0.04657407407407407,0.00850271862990557,0.04259467926154323,0.05055346888660492,1.7852386235972517e-13,4.2157878888426256e-14,1.587933676958355e-13,1.9825435702361484e-13,1.6132771508499673,0.10213182731385416,1.5654779843130922,1.6610763173868424,3481600.0,0.0,3481600.0,3481600.0
permuted_digits,replay,20,0.908074074074074,0.010277079687582295,0.90326425272436,0.9128838954237881,0.9230987654320989,0.010808521464274072,0.9180402216747197,0.9281573091894781,0.9285370370370369,0.00865137101790779,0.9244880707653723,0.9325860033087016,-0.025578703703703697,0.00535681516749638,-0.028085770374620737,-0.023071637032786658,0.026365740740740738,0.0049760159550077945,0.024036893587221716,0.02869458789425976,0.04166666666666667,0.007516256777699062,0.03814895021235215,0.04518438312098119,0.10057375552515005,0.017470461556207836,0.09239732783003941,0.10875018322026068,1.7850474577000568,0.1005324671551311,1.737996814758518,1.8320981006415955,3481600.0,0.0,3481600.0,3481600.0
permuted_digits,unwrapped,20,0.3740740740740741,0.02974927112035892,0.3601509866092541,0.38799716153889413,0.49719135802469133,0.0157015782620557,0.4898427931945194,0.5045399228548633,0.9309074074074074,0.009147848248195669,0.9266260826395086,0.9351887321753062,-0.6960416666666667,0.03477675217811944,-0.7123176876945219,-0.6797656456388115,0.6960416666666667,0.03477675217811944,0.6797656456388115,0.7123176876945219,0.7791666666666668,0.0471935470785638,0.7570794067438422,0.8012539265894913,5.7132075766405075,1.0214479374383127,5.2351552265114645,6.1912599267695505,1.3476429617000805,0.07225709107660185,1.3138256021102346,1.3814603212899264,3481600.0,0.0,3481600.0,3481600.0
permuted_digits,vanish,20,0.9149629629629628,0.009712047957689098,0.9104175846029231,0.9195083413230024,0.9262283950617286,0.010718758547000825,0.9212118616427956,0.9312449284806616,0.9317777777777778,0.009478191436979687,0.9273418476384654,0.9362137079170902,-0.021018518518518513,0.004930295296465095,-0.023325967745168548,-0.018711069291868478,0.021874999999999995,0.004903854593150928,0.019579925403416867,0.024170074596583123,0.03898148148148147,0.008716551423416282,0.034902009841022597,0.043060953121940346,2.583833147440373e-11,3.3127847498820357e-12,2.428790048609073e-11,2.7388762462716732e-11,1.5510055748498872,0.055656221626942295,1.5249576613215783,1.5770534883781961,4547200.0,0.0,4547200.0,4547200.0
rotated_digits,functional_l2,20,0.9430740740740742,0.00662658516350424,0.9399727367521857,0.9461754113959626,0.9459567901234569,0.006571270760147658,0.9428813407392218,0.949032239507692,0.9406111111111113,0.00794471820754519,0.9368928685350335,0.9443293536871891,0.003078703703703707,0.004814240762750042,0.0008255696707626654,0.005331837736644749,0.006828703703703705,0.003259397009981102,0.005303258946790538,0.008354148460616872,0.01740740740740741,0.008180866439351364,0.013578644056793739,0.02123617075802108,0.07113532526034251,0.01569493779945061,0.06378986826233507,0.07848078225834995,1.7784447808999857,0.10363881445763534,1.7299403226695313,1.82694923913044,3481600.0,0.0,3481600.0,3481600.0
rotated_digits,joint_refit,20,0.9511111111111111,0.006584944202126224,0.9480292623590447,0.9541929598631775,0.9520185185185183,0.006187412946250025,0.9491227201212041,0.9549143169158324,0.9467222222222222,0.0070624093738734925,0.9434169128912143,0.9500275315532302,0.0054861111111111195,0.004760041861156524,0.003258342944927979,0.00771387927729426,0.0057638888888888904,0.002319561410286713,0.0046783007322990025,0.006849477045478778,0.014074074074074095,0.0069912328938723615,0.010802076361105004,0.017346071787043185,0.1370624589682879,0.023771712006222967,0.12593695528411017,0.14818796265246562,1.824587875300017,0.09946195051533918,1.7780382495682132,1.871137501031821,3481600.0,0.0,3481600.0,3481600.0
rotated_digits,mlp_ft,10,0.6325925925925925,0.026170510029108373,0.6138713375104953,0.6513138476746897,0.7408024691358025,0.014876102082947375,0.7301607467768415,0.7514441914947635,0.9224814814814815,0.008356939587092162,0.9165032870350754,0.9284596759278875,-0.3623611111111112,0.03245370737277119,-0.38557709480457414,-0.33914512741764824,0.3623611111111112,0.03245370737277119,0.33914512741764824,0.38557709480457414,0.6622222222222222,0.046252654327207515,0.6291350665297804,0.695309377914664,0.9908554397183316,0.003488076789644813,0.9883602198983031,0.99335065953836,0.5121302957999433,0.03912103879658708,0.4841447905280584,0.5401158010718281,153680.0,0.0,153680.0,153680.0
rotated_digits,mlp_joint,10,0.916074074074074,0.00903379824577202,0.9096116841118154,0.9225364640363327,0.9191358024691357,0.008857014945579124,0.9127998756615303,0.9254717292767412,0.909888888888889,0.010734424139489841,0.9022099444490868,0.9175678333286912,0.007731481481481481,0.006355514607003061,0.0031850202163644066,0.012277942746598554,0.010601851851851852,0.0027034817260474867,0.00866789752895829,0.012535806174745414,0.02740740740740739,0.009868824144054988,0.020347675902147623,0.03446713891266716,0.4955063490699329,0.09287577560184926,0.42906702159576826,0.5619456765440975,1.2680409572999907,0.08456194481254932,1.2075489860960233,1.328532928503958,153680.0,0.0,153680.0,153680.0
rotated_digits,mlp_replay,10,0.8998518518518519,0.00919931211519511,0.8932710604000674,0.9064326433036364,0.9112592592592593,0.007688714269509289,0.9057590844085307,0.916759434109988,0.9142222222222222,0.009842843742077579,0.9071810759769369,0.9212633684675074,-0.017962962962962965,0.011933313791739748,-0.026499541394998972,-0.00942638453092696,0.030046296296296293,0.007331302717986269,0.024801798267223313,0.035290794325369274,0.07074074074074077,0.01749866631101435,0.05822294894988044,0.08325853253160109,0.9386789385548029,0.01641308086388282,0.9269377278105694,0.9504201492990364,0.8252950798999337,0.08326049687194716,0.7657341084680374,0.88485605133183,153680.0,0.0,153680.0,153680.0
rotated_digits,param_null,20,0.9395370370370371,0.006962128231662645,0.9362786607252761,0.942795413348798,0.9435,0.006774957959352759,0.9403292220721337,0.9466707779278664,0.9384444444444446,0.008308366324270289,0.934556009310872,0.9423328795780173,0.001365740740740745,0.0054726493403202915,-0.0011955379918136212,0.003927019473295112,0.0073379629629629645,0.004108800586165841,0.00541498509553074,0.009260940830395189,0.017129629629629623,0.010421674126717557,0.012252135999312071,0.022007123259947175,2.7554436510257573e-11,1.0548327879512128e-11,2.2617667099005014e-11,3.249120592151013e-11,1.6408863646499412,0.09291970315866727,1.5973986049314224,1.68437412436846,3481600.0,0.0,3481600.0,3481600.0
rotated_digits,replay,20,0.947296296296296,0.006335846428655869,0.9443310288908209,0.9502615637017711,0.9495185185185185,0.00612088598071191,0.9466538556994917,0.9523831813375454,0.9448703703703704,0.007097081473855153,0.9415488339970702,0.9481919067436705,0.0030324074074074047,0.00441376625743427,0.0009667012123580347,0.005098113602456775,0.006296296296296297,0.002488149662800649,0.005131806408776729,0.007460786183815866,0.015648148148148126,0.005554743280449902,0.013048448268933328,0.018247848027362925,0.2598192910672438,0.043124693114483754,0.23963631341722746,0.2800022687172601,1.760373033399992,0.10763467310339471,1.7099984557573047,1.8107476110426795,3481600.0,0.0,3481600.0,3481600.0
rotated_digits,unwrapped,20,0.5416296296296296,0.03192823698233635,0.5266867547503069,0.5565725045089522,0.671179012345679,0.022449722600565235,0.6606722187484836,0.6816858059428744,0.9427777777777777,0.007702222829626468,0.9391730265320561,0.9463825290234993,-0.5014351851851852,0.041536481699381275,-0.5208748570124929,-0.4819955133578774,0.5014351851851852,0.041536481699381275,0.4819955133578774,0.5208748570124929,0.7540740740740741,0.057057665695693704,0.7273702645317979,0.7807778836163504,5.088766196887694,0.6337265687676495,4.792173032973371,5.385359360802018,1.3155462928999895,0.09852881326649587,1.2694333888438114,1.3616591969561676,3481600.0,0.0,3481600.0,3481600.0
rotated_digits,vanish,20,0.9416851851851853,0.00637716103001055,0.9387005819510806,0.94466978841929,0.9461358024691359,0.006198788861914201,0.9432346799794047,0.949036924958867,0.9439814814814813,0.006232187091657271,0.9410647281390815,0.9468982348238811,-0.0028703703703703703,0.005202387227422933,-0.005305162540579286,-0.00043557820016145495,0.01053240740740741,0.0031929609234255963,0.009038055696108382,0.012026759118706438,0.026203703703703708,0.011180339887498952,0.020971143567682933,0.03143626383972448,1.577073249769967e-10,3.7359954188966555e-11,1.4022232819337211e-10,1.7519232176062127e-10,1.5269421600500437,0.09923282355305468,1.4804997690374881,1.5733845510625992,4547200.0,0.0,4547200.0,4547200.0
shape_stream,functional_l2,20,0.70975,0.016248819120385876,0.7021453185643479,0.7173546814356521,0.7229833333333333,0.014191969148222305,0.7163412873164983,0.7296253793501684,0.7193125,0.016905781974853647,0.7114003504839743,0.7272246495160257,-0.012750000000000001,0.016151366325423914,-0.02030907212366395,-0.005190927876336049,0.029944444444444447,0.008144846930051542,0.02613253874309527,0.033756350145793625,0.07724999999999999,0.016179502952485093,0.06967775952952333,0.08482224047047664,0.06686208717955602,0.015176011887637569,0.05975949498414168,0.07396467937497037,1.4150331357500137,0.09202747694775087,1.3719629507519893,1.458103320748038,8683520.0,0.0,8683520.0,8683520.0
shape_stream,joint_refit,20,0.7952499999999999,0.009706398986573238,0.790707265439824,0.7997927345601759,0.7725833333333333,0.009943333597990954,0.7679297099616343,0.7772369567050322,0.7681041666666666,0.013176486317173747,0.7619373812442343,0.7742709520890989,0.03619444444444443,0.013923669900416933,0.029677966340813898,0.042710922548074966,0.014166666666666675,0.009202261213201755,0.009859875847249006,0.018473457486084345,0.04125000000000002,0.0248143693044294,0.029636517679302823,0.05286348232069722,0.07553324589780375,0.012113464905084916,0.06986396981056191,0.08120252198504559,1.2936721368499775,0.06890185006906643,1.2614250783886691,1.3259191953112859,8683520.0,0.0,8683520.0,8683520.0
shape_stream,mlp_ft,10,0.793625,0.013065968069949405,0.7842781695079695,0.8029718304920306,0.7811166666666667,0.010653072935212744,0.7734959173726531,0.7887374159606803,0.8158333333333333,0.012908450194339848,0.806599184341434,0.8250674823252326,-0.029611111111111126,0.02166753717782752,-0.04511113346664617,-0.014111088755576083,0.062,0.013134317190697183,0.05260427549242555,0.07139572450757445,0.16583333333333333,0.03398665315373952,0.1415207462889761,0.19014592037769057,0.9976142563360384,0.0024991944322498294,0.995826440339565,0.9994020723325118,0.9998929813000814,0.16662057146773776,0.8806998048238566,1.1190861577763063,801824.0,0.0,801824.0,801824.0
shape_stream,mlp_joint,10,0.8501249999999999,0.03153117333648253,0.827568957400389,0.8726810425996108,0.8306333333333333,0.018995743512822478,0.8170445970273883,0.8442220696392784,0.8242499999999999,0.017979326262113,0.8113883647936977,0.8371116352063022,0.03450000000000002,0.02592652115718822,0.01595328404241088,0.053046715957589155,0.014444444444444437,0.0160674162692473,0.0029505072551329684,0.025938381633755905,0.04083333333333332,0.042551711459683346,0.010393672679777765,0.07127299398688887,0.2350650140509018,0.24001242214334856,0.06337047035191093,0.4067595577498927,2.3310067198000524,0.16473043670927448,2.2131656642765094,2.4488477753235953,801824.0,0.0,801824.0,801824.0
shape_stream,mlp_replay,10,0.838125,0.0202418345829609,0.8236448638415631,0.8526051361584369,0.8202166666666667,0.014746426643951115,0.8096677085285264,0.830765624804807,0.8241666666666667,0.014212887561628905,0.8139993793956709,0.8343339539376625,0.018611111111111103,0.017037540250217396,0.0064231890323649225,0.030799033189857283,0.02111111111111112,0.007046776885348318,0.016070150601342748,0.02615207162087949,0.05333333333333336,0.02137264895741261,0.03804426130276152,0.0686224053639052,0.9871932833508446,0.009817640480427813,0.9801701664328334,0.9942164002688557,1.66196283459999,0.18717507908786024,1.5280658491488839,1.795859820051096,801824.0,0.0,801824.0,801824.0
shape_stream,param_null,20,0.7043750000000001,0.016298846961693394,0.696746904813894,0.7120030951861062,0.7201583333333332,0.014420225704083998,0.713409459959995,0.7269072067066714,0.7163333333333335,0.016496167373414236,0.7086128893518614,0.7240537773148056,-0.01594444444444444,0.014655564644486843,-0.022803459832282713,-0.00908542905660617,0.031444444444444435,0.00804147791898401,0.02768091692945224,0.035207971959436625,0.07983333333333334,0.016346933113652286,0.07218273313536124,0.08748393353130544,4.527211938665232e-12,1.2920352423032957e-12,3.922520831665038e-12,5.131903045665426e-12,1.2312100966999424,0.08501021103545105,1.1914240932425537,1.270996100157331,8683520.0,0.0,8683520.0,8683520.0
shape_stream,replay,20,0.7266666666666667,0.01755265678562418,0.7184517704200502,0.7348815629132832,0.7319083333333334,0.014553438029535558,0.7250971146725712,0.7387195519940956,0.7280625000000001,0.017898693045004656,0.7196856537988499,0.7364393462011503,-0.0018611111111111098,0.017996890750159165,-0.010283915252950995,0.006561693030728774,0.026722222222222213,0.009092871487645591,0.02246662737027915,0.030977817074165276,0.07141666666666666,0.02003122562401012,0.062041764496382074,0.08079156883695124,0.26825122211581637,0.039073939049104695,0.2499640557252615,0.2865383885063712,1.385945196100056,0.11620295254210326,1.3315605402418214,1.4403298519582906,8683520.0,0.0,8683520.0,8683520.0
shape_stream,unwrapped,20,0.6294583333333332,0.02021634630428398,0.6199967920177543,0.6389198746489122,0.6269583333333333,0.015113012382541544,0.6198852258139012,0.6340314408527654,0.7082499999999999,0.016573533646867814,0.7004933474879805,0.7160066525120193,-0.10505555555555554,0.02130100803881792,-0.11502473418898884,-0.09508637692212224,0.11099999999999999,0.019425303862474007,0.10190867794327764,0.12009132205672234,0.20891666666666664,0.036076895621170335,0.1920321597770512,0.22580117355628207,6.246308729919747,0.7534637178896885,5.893676855232658,6.5989406046068355,0.998094899450075,0.06140757888714255,0.9693552678675246,1.0268345310326255,8683520.0,0.0,8683520.0,8683520.0
shape_stream,vanish,20,0.7422291666666668,0.010035823079500818,0.7375322568851789,0.7469260764481548,0.738925,0.010955849061344844,0.7337975048047285,0.7440524951952716,0.7349791666666666,0.013840726068361285,0.7285015074713618,0.7414568258619715,0.009666666666666667,0.01442125894475434,0.002917309721809508,0.016416023611523826,0.019972222222222218,0.00800315686576639,0.016226629512205056,0.02371781493223938,0.05466666666666666,0.020062767004654206,0.045277002675842275,0.06405633065749106,1.3235140761125308e-10,2.4445073852377587e-11,1.2091076088234149e-10,1.4379205434016467e-10,1.2278692566500014,0.0530097675149848,1.2030599217720177,1.252678591527985,11678720.0,0.0,11678720.0,11678720.0
split_digits,functional_l2,20,0.9817724180819212,0.0044251891273180055,0.9797013658192035,0.9838434703446388,0.9906375270602668,0.0025421699472988955,0.989447754901363,0.9918272992191705,0.9856502638175652,0.004840071525557342,0.9833850406155015,0.9879154870196288,-0.004847307169554875,0.0041638383161711244,-0.0067960434875262215,-0.002898570851583528,0.005423887189942235,0.003289630952347142,0.0038842925124388927,0.006963481867445578,0.013391946992864428,0.00633960292835928,0.010424921491410374,0.01635897249431848,0.13955870436903672,0.016068181056948794,0.13203856414942103,0.14707884458865242,1.2294695262999766,0.08886992376872008,1.1878771216787756,1.2710619309211777,2611200.0,0.0,2611200.0,2611200.0
split_digits,joint_refit,20,0.9890839311702218,0.003654133005976076,0.9873737442804504,0.9907941180599931,0.9941206829124434,0.002292677824149861,0.9930476766614618,0.995193689163425,0.9923161771776969,0.004031012540976101,0.9904296052360607,0.9942027491193332,-0.004040307509344208,0.00380846991651621,-0.005822726296690663,-0.0022578887219977537,0.0048473071695548774,0.003339741006693119,0.003284260264711132,0.006410354074398623,0.012015800203873606,0.007405817550619893,0.008549770898866013,0.015481829508881198,0.12271843777640459,0.02568932584639185,0.11069546318907761,0.13474141236373158,1.0371405681000625,0.0416584650956065,1.0176438062859772,1.0566373299141478,2611200.0,0.0,2611200.0,2611200.0
split_digits,mlp_ft,10,0.19679245283018867,0.0032130917671559242,0.1944939454450362,0.19909096021534115,0.3315251091493086,0.0012999204339046691,0.3305952020897025,0.3324550162089147,0.9945753274479257,0.0038997613017140243,0.9917856062691074,0.9973650486267439,-0.9972285932721713,0.0021261653955207153,-0.9987495603710929,-0.9957076261732497,0.9972285932721713,0.0021261653955207153,0.9957076261732497,0.9987495603710929,1.0,0.0,1.0,1.0,0.9999945137495487,4.060801441771592e-06,0.9999916088271936,0.9999974186719038,0.6172008912000365,0.031050490082375627,0.5949887086858354,0.6394130737142376,153680.0,0.0,153680.0,153680.0
split_digits,mlp_joint,10,0.9778426262509697,0.0055109332681147665,0.9739003420792803,0.9817849104226591,0.9871407689496662,0.0026653208636873587,0.9852341132631998,0.9890474246361326,0.9831773187416255,0.004516244364908002,0.9799465921461374,0.9864080453371136,-0.006668365613319735,0.007068154933074309,-0.011724619057165063,-0.0016121121694744065,0.008055130818892281,0.00679493155475613,0.0031943296055994977,0.012915932032185065,0.02300373768263675,0.01454217399054563,0.012600893090672954,0.03340658227460054,0.32754662484168817,0.12524788053750935,0.23794968854099208,0.41714356114238427,1.4698205526000039,0.14528177913614068,1.3658922285832609,1.573748876616747,153680.0,0.0,153680.0,153680.0
split_digits,mlp_replay,10,0.9503165169670277,0.00849077650064412,0.9442425813602384,0.9563904525738169,0.9733051885189672,0.004226590373231317,0.9702816679067671,0.9763287091311673,0.9884323851287672,0.005040938749124439,0.9848263147820059,0.9920384554755285,-0.04764483520217464,0.014588628419623944,-0.058080911290792535,-0.03720875911355675,0.04787631668365612,0.014124288336784753,0.037772409480016235,0.057980223887296005,0.081855249745158,0.02456948775978864,0.06427929700003147,0.09943120249028452,0.9845000798932084,0.015473692743918929,0.9734308669279779,0.995569292858439,0.9401508833998833,0.06927940952488743,0.8905913793546852,0.9897103874450813,153680.0,0.0,153680.0,153680.0
split_digits,param_null,20,0.9740722148494347,0.005221474084974057,0.9716284897549186,0.9765159399439509,0.9876089623175769,0.0026510644016958336,0.9863682259852362,0.9888496986499176,0.9785005193006752,0.005343690474661999,0.9759995951750845,0.9810014434262658,-0.005535380564050285,0.004323479700611783,-0.00755883134980068,-0.00351192977829989,0.006343442065919127,0.004018865471130597,0.00446255512796643,0.008224329003871825,0.01569826707441386,0.00739206736926203,0.012238673052372633,0.019157861096455085,1.4513958368489454e-10,6.77654761643345e-11,1.1342436458208032e-10,1.7685480278770875e-10,1.035278560000006,0.09323736818199804,0.9916421284741528,1.0789149915258593,2611200.0,0.0,2611200.0,2611200.0
split_digits,replay,20,0.9878696972028287,0.0042945595202111735,0.985859781478142,0.9898796129275154,0.9933461342018264,0.0026021708442568784,0.9921282807587483,0.9945639876449045,0.9916532513992268,0.0036650386512865818,0.9899379605103388,0.9933685422881148,-0.004729442745497789,0.00471247244501762,-0.006934947739622938,-0.0025239377513726403,0.005308146449201493,0.004181181506008737,0.0033512932685328687,0.007264999629870118,0.011561331974176015,0.006637626298866384,0.008454827241874817,0.014667836706477214,0.38960350281327283,0.050786349940607205,0.3658347593915852,0.41337224623496044,1.1997672401500494,0.12487209739273368,1.1413252996103789,1.25820918068972,2611200.0,0.0,2611200.0,2611200.0
split_digits,unwrapped,20,0.19726240391334732,0.002481294811100591,0.19610112219517725,0.19842368563151738,0.33384055439086885,0.0026263225659745406,0.33261139759408703,0.33506971118765067,0.9966142557651991,0.0022542253775436117,0.9955592458131913,0.9976692657172069,-0.9991898148148148,0.0013591271958620591,-0.9998259059226354,-0.9985537237069942,0.9991898148148148,0.0013591271958620591,0.9985537237069942,0.9998259059226354,1.0,0.0,1.0,1.0,4.047014887167356,0.48499796636407155,3.820028851824607,4.274000922510106,0.7762371577000067,0.0894389310137709,0.7343784494907646,0.8180958659092488,2611200.0,0.0,2611200.0,2611200.0
split_digits,vanish,20,0.983571714782118,0.005628353035638757,0.9809375644770219,0.9862058650872142,0.9912384252581008,0.0031280739039437617,0.9897744416067089,0.9927024089094927,0.988092611825951,0.005302039163848299,0.9856111811138674,0.9905740425380346,-0.005651121304791028,0.005044936175404035,-0.008012224114349126,-0.003290018495232929,0.0064581209650016996,0.0045858978292309185,0.004311854714551793,0.008604387215451606,0.013383452259599055,0.00918690773370026,0.009083847089776758,0.01768305742942135,6.312575795419661e-10,1.1870699807906777e-10,5.757009942981007e-10,6.868141647858315e-10,0.8766935166500162,0.08187713424565013,0.8383738382666741,0.9150131950333582,3913600.0,0.0,3913600.0,3913600.0
